id,f0,f1,f2,f3,f4,f5,f6,f7,f8,f9
29,0,6000,2,150,460,150,1,0,5,30000
30,0,7000,3,150,480,220,1,200,9,42000
31,0,7500,3,150,500,300,2,400,11,50000
32,0,6800,3,300,920,250,1,50,11,42000
33,0,7400,4,300,940,335,1,250,12,53000
34,0,7600,4,300,960,520,2,450,14,60000
35,0,6700,3,480,1200,380,1,80,13,55000
36,0,7600,3,480,1260,425,1,350,15,62000
37,0,8100,4,480,1340,630,2,620,17,66000
38,0,10000,6,850,2000,820,2,50,17,500000
39,0,10800,7,850,2100,995,2,320,20,520000
40,0,11200,7,850,2200,1195,2,590,22,540000
41,0,15000,10,1200,3500,1150,2,50,25,800000
42,0,18000,12,1200,3700,1380,3,400,28,900000
43,0,20000,14,1200,4000,1600,3,750,30,1000000
44,0,9700,5,800,2800,875,2,130,13,300000
45,0,10100,6,800,3000,965,3,400,15,320000
46,0,10500,6,800,3300,1150,3,620,17,340000
47,0,7500,4,650,2000,795,1,110,12,26000
48,0,8200,5,650,2200,860,1,460,14,30000
49,0,8600,5,650,2400,1000,2,810,16,34500
50,0,8700,4,200,700,220,1,0,10,300000
51,0,9100,5,200,760,355,2,200,12,340000
52,0,9300,5,200,840,550,3,400,14,380000
53,0,6000,2,300,600,185,1,30,7,35000
54,0,7200,3,300,650,290,1,250,9,46000
55,0,7600,3,300,700,500,2,430,11,52000
56,0,3000,1,500,800,100,0,0,4,16000
57,0,4300,2,1000,1600,220,0,0,6,20000
58,0,2800,1,150,300,65,1,0,3,20000
59,0,3000,2,150,330,170,1,200,5,28000
60,0,6000,2,150,220,300,1,0,8,35000
61,0,7500,4,150,220,450,1,450,11,46000
62,0,8200,6,150,220,600,2,880,14,54000
63,0,9000,4,500,700,420,1,120,14,50000
64,0,13000,5,500,700,610,1,950,17,56000
65,0,16000,6,500,700,750,2,1750,19,61000
66,0,10000,4,600,800,600,1,200,17,74000
67,0,14500,6,600,800,820,1,860,19,100000
68,0,17000,7,600,800,1000,2,1760,22,130000
69,0,12000,6,1000,1500,1010,1,140,22,700000
70,0,15000,8,1000,1500,1190,2,700,20,800000
71,0,18400,10,1000,1500,1350,3,1000,25,1000000
72,0,16000,10,1600,2300,1195,1,180,24,1800000
73,0,19500,12,1600,2300,1375,2,1150,27,2200000
74,0,22000,14,1600,2300,1600,3,3300,34,2600000
75,0,14000,7,1800,2400,1195,1,600,17,90000
76,0,16300,9,1800,2400,1325,2,1800,21,100000
77,0,19600,10,1800,2400,1500,3,3500,25,115000
78,0,8000,4,900,1400,865,1,330,16,46000
79,0,9200,5,900,1400,1015,1,1750,19,53000
80,0,10700,6,900,1400,1290,2,2300,21,62000
81,0,7000,3,200,300,250,1,0,10,360000
82,0,8000,4,200,300,320,1,400,12,400000
83,0,8700,4,200,300,590,2,1000,15,440000
84,0,6500,2,300,500,200,1,30,5,52000
85,0,7400,3,300,500,320,1,480,8,58000
86,0,8000,4,300,500,410,2,880,12,63500
87,1000,100,0,0,0,0,0,0,0,0
89,1500,100,0,0,0,0,0,0,0,0
94,1500,100,0,0,0,0,0,0,0,0
96,1500,100,0,0,0,0,0,0,0,0
99,1500,100,0,0,0,0,0,0,0,0
104,4000,400,0,0,0,0,0,0,0,0
105,4000,400,0,0,0,0,0,0,0,0
106,4000,400,0,0,0,0,0,0,0,0
107,4000,400,0,0,0,0,0,0,0,0
108,250000,2000,2,0,0,0,0,0,0,0
109,250000,2000,2,0,0,0,0,0,0,0
110,250000,2000,2,0,0,0,0,0,0,0
111,80000,1500,2,0,0,0,0,0,0,0
112,80000,1500,2,0,0,0,0,0,0,0
113,80000,1500,2,0,0,0,0,0,0,0
114,80000,1500,2,0,0,0,0,0,0,0
115,80000,1500,2,0,0,0,0,0,0,0
116,80000,1500,2,0,0,0,0,0,0,0
117,80000,1500,2,0,0,0,0,0,0,0
118,80000,1500,2,0,0,0,0,0,0,0
119,80000,1500,2,0,0,0,0,0,0,0
120,80000,1500,2,0,0,0,0,0,0,0
121,80000,1500,2,0,0,0,0,0,0,0
124,80000,9500,6,0,0,0,0,4000,0,0
125,35000,6250,4,0,0,0,0,1800,0,0
126,20000,3600,2,0,0,0,0,1000,0,0
127,0,5000,3,0,0,0,0,1500,0,0
128,1500,200,0,0,0,0,0,0,0,0
130,1500,200,0,0,0,0,0,0,0,0
131,1500,100,0,0,0,0,0,0,0,0
132,1000,100,0,0,0,0,0,0,0,0
133,1000,100,0,0,0,0,0,0,0,0
134,1000,100,0,0,0,0,0,0,0,0
135,1000,100,0,0,0,0,0,0,0,0
136,1000,100,0,0,0,0,0,0,0,0
137,2000,100,0,0,0,0,0,0,0,0
138,2000,150,0,0,0,0,0,0,0,0
139,1000,300,0,0,0,0,0,0,0,0
140,1000,200,0,0,0,0,0,0,0,0
141,1000,100,0,0,0,0,0,0,0,0
142,13000,1200,4,0,0,0,0,0,0,0
143,3000,120,1,0,0,0,0,0,0,0
144,1000,100,0,0,0,0,0,0,0,0
145,400000,3000,2,0,0,0,0,0,0,0
146,400000,3000,2,0,0,0,0,0,0,0
147,400000,3000,2,0,0,0,0,0,0,0
148,400000,3000,2,0,0,0,0,0,0,0
149,400000,3000,2,0,0,0,0,0,0,0
150,400000,3000,2,0,0,0,0,0,0,0
151,400000,3000,2,0,0,0,0,0,0,0
152,400000,3000,2,0,0,0,0,0,0,0
153,400000,3000,2,0,0,0,0,0,0,0
154,400000,3000,2,0,0,0,0,0,0,0
155,400000,3000,2,0,0,0,0,0,0,0
156,400000,3000,2,0,0,0,0,0,0,0
157,400000,3000,2,0,0,0,0,0,0,0
158,400000,3000,2,0,0,0,0,0,0,0
159,400000,3000,2,0,0,0,0,0,0,0
160,400000,3000,2,0,0,0,0,0,0,0
161,400000,3000,2,0,0,0,0,0,0,0
162,400000,3000,2,0,0,0,0,0,0,0
163,400000,3000,2,0,0,0,0,0,0,0
164,400000,3000,2,0,0,0,0,0,0,0
165,400000,3000,2,0,0,0,0,0,0,0
166,400000,3000,2,0,0,0,0,0,0,0
167,400000,3000,2,0,0,0,0,0,0,0
168,400000,3000,2,0,0,0,0,0,0,0
169,1000000,40000,4,0,0,0,0,0,0,0
170,1000,100,0,0,0,0,0,0,0,0
171,1000,100,0,0,0,0,0,0,0,0
172,1500,200,0,0,0,0,0,0,0,0
173,900000,18000,2,0,0,0,0,0,0,0
174,900000,18000,2,0,0,0,0,0,0,0
175,900000,18000,2,0,0,0,0,0,0,0
176,900000,18000,2,0,0,0,0,0,0,0
177,900000,18000,2,0,0,0,0,0,0,0
178,900000,18000,2,0,0,0,0,0,0,0
179,900000,18000,2,0,0,0,0,0,0,0
180,900000,18000,2,0,0,0,0,0,0,0
181,1000,100,0,0,0,0,0,0,0,0
182,1000,100,0,0,0,0,0,0,0,0
183,0,0,0,0,0,0,0,0,0,0
184,0,0,0,0,0,0,0,0,0,0
185,1000,100,0,0,0,0,0,0,0,0
186,1000,100,0,0,0,0,0,0,0,0
187,1000,100,0,0,0,0,0,0,0,0
188,1000,100,0,0,0,0,0,0,0,0
189,1000,100,0,0,0,0,0,0,0,0
190,1000,100,0,0,0,0,0,0,0,0
191,1000,100,0,0,0,0,0,0,0,0
192,1000,100,0,0,0,0,0,0,0,0
193,1300000,60000,6,0,0,0,0,0,0,0
194,1600000,70000,6,0,0,0,0,0,0,0
195,1600000,70000,6,0,0,0,0,0,0,0
196,1300000,50000,5,0,0,0,0,0,0,0
197,1300000,5000,5,0,0,0,0,0,0,0
198,1100000,45000,5,0,0,0,0,0,0,0
199,1000000,42000,4,0,0,0,0,0,0,0
200,1400000,70000,6,0,0,0,0,0,0,0
201,1300000,46000,4,0,0,0,0,0,0,0
202,1300000,44000,5,0,0,0,0,0,0,0
203,1300000,44000,5,0,0,0,0,0,0,0
204,900000,32000,3,0,0,0,0,0,0,0
205,1300000,60000,6,0,0,0,0,0,0,0
206,1250000,57000,5,0,0,0,0,0,0,0
207,700000,10000,2,0,0,0,0,0,0,0
208,700000,10000,2,0,0,0,0,0,0,0
209,700000,10000,2,0,0,0,0,0,0,0
210,700000,10000,2,0,0,0,0,0,0,0
211,700000,10000,2,0,0,0,0,0,0,0
212,700000,10000,2,0,0,0,0,0,0,0
213,700000,10000,2,0,0,0,0,0,0,0
214,700000,10000,2,0,0,0,0,0,0,0
215,700000,10000,2,0,0,0,0,0,0,0
216,0,2500,1,0,0,0,0,150,0,0
217,0,2500,1,0,0,0,0,150,0,0
218,0,2500,1,0,0,0,0,150,0,0
219,0,2500,1,0,0,0,0,150,0,0
220,0,2500,1,0,0,0,0,150,0,0
221,0,2500,1,0,0,0,0,150,0,0
222,0,2500,1,0,0,0,0,150,0,0
223,1500,100,0,0,0,0,0,0,0,0
224,1500,100,0,0,0,0,0,0,0,0
225,1000,100,0,0,0,0,0,0,0,0
226,80000,1500,2,0,0,0,0,0,0,0
227,80000,1500,2,0,0,0,0,0,0,0
228,80000,1500,2,0,0,0,0,0,0,0
229,80000,1500,2,0,0,0,0,0,0,0
230,80000,1500,2,0,0,0,0,0,0,0
231,80000,1500,2,0,0,0,0,0,0,0
232,80000,1500,2,0,0,0,0,0,0,0
233,80000,1500,2,0,0,0,0,0,0,0
234,80000,1500,2,0,0,0,0,0,0,0
244,150000,8000,1,0,0,0,0,0,0,0
245,150000,8000,1,0,0,0,0,0,0,0
246,150000,8000,1,0,0,0,0,0,0,0
247,2000,400,0,0,0,0,0,0,0,0
248,2000,400,0,0,0,0,0,0,0,0
249,2000,400,0,0,0,0,0,0,0,0
250,2000,400,0,0,0,0,0,0,0,0
251,8000,1600,0,0,0,0,0,0,0,0
252,8000,1600,0,0,0,0,0,0,0,0
253,8000,1600,0,0,0,0,0,0,0,0
254,950000,32000,5,0,0,0,0,0,0,0
258,980000,32000,5,0,0,0,0,0,0,0
259,50000,4450,4,0,0,0,0,2600,0,0
263,1500,100,0,0,0,0,0,0,0,0
264,1500,100,0,0,0,0,0,0,0,0
282,9590000,850000,9,0,0,0,0,0,0,0
283,400000,2000,4,0,0,0,0,0,0,0
284,400000,2000,4,0,0,0,0,0,0,0
285,400000,2000,4,0,0,0,0,0,0,0
286,380000,1800,3,0,0,0,0,0,0,0
287,400000,2000,4,0,0,0,0,0,0,0
288,600000,2500,4,0,0,0,0,0,0,0
289,500000,4000,6,0,0,0,0,0,0,0
290,500000,4000,6,0,0,0,0,0,0,0
294,600000,4000,6,0,0,0,0,0,0,0
295,1000,100,0,0,0,0,0,0,0,0
298,0,1000,2,0,0,0,0,150,0,0
299,0,1250,3,0,0,0,0,250,0,0
300,0,1250,3,0,0,0,0,750,0,0
301,0,1250,3,0,0,0,0,750,0,0
302,0,1250,3,0,0,0,0,750,0,0
303,2500,300,0,0,0,0,0,0,0,0
304,4000,400,0,0,0,0,0,0,0,0
305,4000,4,0,0,0,0,0,0,0,0
306,4000,400,0,0,0,0,0,0,0,0
307,1000,100,0,0,0,0,0,0,0,0
308,30000,5500,3,0,0,0,0,2200,0,0
309,12000,2500,0,0,0,0,0,0,0,0
310,12000,200,0,0,0,0,0,0,0,0
311,23000,5000,3,0,0,0,0,0,4,30000
312,25000,5500,3,0,0,0,0,0,4,34000
313,28000,7000,4,0,0,0,0,0,5,50000
314,25000,5000,3,0,0,0,0,0,4,32000
315,20000,4000,2,0,0,0,0,0,3,26000
316,15000,3000,2,0,0,0,0,0,2,20000
317,300000,2000,4,0,0,0,0,0,0,0
318,5000,300,0,0,0,0,0,0,0,0
319,5000,300,0,0,0,0,0,0,0,0
320,5000,300,0,0,0,0,0,0,0,0
321,5000,300,0,0,0,0,0,0,0,0
322,5000,340,0,0,0,0,0,0,0,0
323,5000,300,0,0,0,0,0,0,0,0
324,5000,300,0,0,0,0,0,0,0,0
325,5000,300,0,0,0,0,0,0,0,0
326,5000,300,0,0,0,0,0,0,0,0
327,12000,1000,1,0,0,0,0,0,0,0
328,23000,5000,3,0,0,0,0,0,4,30000
329,600000,32000,3,0,0,0,0,0,0,0
330,600000,32000,3,0,0,0,0,0,0,0
331,600000,32000,3,0,0,0,0,0,0,0
333,1000,150,0,0,0,0,0,0,0,0
334,1000,150,0,0,0,0,0,0,0,0
335,1000,150,0,0,0,0,0,0,0,0
336,1000,150,0,0,0,0,0,0,0,0
337,1000,150,0,0,0,0,0,0,0,0
338,1000,150,0,0,0,0,0,0,0,0
339,1000,150,0,0,0,0,0,0,0,0
340,5650,200,0,0,0,0,0,30,0,0
341,13350,3650,3,0,0,0,0,150,0,0
342,12100,2500,2,0,0,0,0,100,0,0
343,9550,1950,1,0,0,0,0,50,0,0
344,22550,3550,2,0,0,0,0,150,0,0
345,42600,5600,2,0,0,0,0,300,0,0
346,61950,8925,3,0,0,0,0,450,0,0
347,22550,3550,2,0,0,0,0,150,0,0
348,42600,5600,3,0,0,0,0,300,0,0
349,61950,8925,3,0,0,0,0,450,0,0
350,1000,100,0,0,0,0,0,0,0,0
351,1000,100,0,0,0,0,0,0,0,0
352,1000,100,0,0,0,0,0,0,0,0
362,90000,10000,2,0,0,0,0,0,0,0
363,78000,10000,2,0,0,0,0,0,0,0
364,160000,15000,3,0,0,0,0,0,0,0
365,160000,15000,3,0,0,0,0,0,0,0
366,160000,15000,3,0,0,0,0,0,0,0
367,55000,10000,2,0,0,0,0,0,0,0
368,180000,70000,5,0,0,0,0,0,0,0
369,180000,70000,5,0,0,0,0,0,0,0
370,1000,100,0,0,0,0,0,0,0,0
372,12000,1200,1,0,0,0,0,0,2,1500
373,2500000,1300000,30,0,0,0,0,0,0,0
375,100000,5000,14,0,0,0,0,0,0,0
376,100000,5000,14,0,0,0,0,0,0,0
377,200000,3000,2,0,0,0,0,0,0,0
378,140000,2500,3,0,0,0,0,0,0,0
379,140000,2500,3,0,0,0,0,0,0,0
380,140000,2500,3,0,0,0,0,0,0,0
381,140000,2500,3,0,0,0,0,0,0,0
382,140000,2500,3,0,0,0,0,0,0,0
383,140000,2500,3,0,0,0,0,0,0,0
385,105000,15000,5,0,0,0,0,2000,0,0
386,105000,15000,5,0,0,0,0,2000,0,0
387,120000,15000,5,0,0,0,0,2500,0,0
388,120000,15000,5,0,0,0,0,2500,0,0
389,120000,15000,5,0,0,0,0,2500,0,0
390,120000,15000,5,0,0,0,0,2500,0,0
391,120000,15000,5,0,0,0,0,2500,0,0
392,120000,15000,5,0,0,0,0,2500,0,0
396,8000,2000,2,0,0,0,0,0,0,0
399,1130550,21550,6,0,0,0,0,12000,0,0
400,185600,15900,5,0,0,0,0,7000,0,0
401,155950,12500,0,0,0,0,0,3550,0,0
403,1000,100,0,0,0,0,0,0,0,0
404,1000,100,0,0,0,0,0,0,0,0
405,2000,400,0,0,0,0,0,0,0,0
406,2000,400,0,0,0,0,0,0,0,0
407,2000,400,0,0,0,0,0,0,0,0
408,1000,100,0,0,0,0,0,0,0,0
409,1000,100,0,0,0,0,0,0,0,0
410,1500,100,0,0,0,0,0,0,0,0
411,1500,100,0,0,0,0,0,0,0,0
415,20000,3000,2,0,0,0,0,0,0,0
416,200000,4000,2,0,0,0,0,0,0,0
417,200000,4000,2,0,0,0,0,0,0,0
418,3000,300,0,0,0,0,0,0,0,0
419,3000,300,0,0,0,0,0,0,0,0
420,3000,300,0,0,0,0,0,0,0,0
421,3000,300,0,0,0,0,0,0,0,0
422,18950,1500,2,0,0,0,0,300,0,0
423,13350,3650,3,0,0,0,0,150,0,0
424,12100,2500,2,0,0,0,0,100,0,0
425,9550,1950,1,0,0,0,0,50,0,0
426,1000,100,0,0,0,0,0,0,0,0
427,5650,200,1,0,0,0,0,30,0,0
430,950000,32000,5,0,0,0,0,0,0,0
431,9000,200,1,0,0,0,0,0,3,13000
432,25525,8950,0,0,0,0,0,0,0,0
433,18950,5650,0,0,0,0,0,0,0,0
434,1000,100,0,0,0,0,0,0,0,0
435,1000,100,0,0,0,0,0,0,0,0
436,1500,100,0,0,0,0,0,0,0,0
437,1500,100,0,0,0,0,0,0,0,0
438,130000,6000,1,0,0,0,0,0,0,0
439,130000,6000,1,0,0,0,0,0,0,0
440,130000,6000,1,0,0,0,0,0,0,0
441,130000,6000,1,0,0,0,0,0,0,0
442,1000,100,0,0,0,0,0,0,0,0
443,1000,100,0,0,0,0,0,0,0,0
444,1000,100,0,0,0,0,0,0,0,0
445,1000,100,0,0,0,0,0,0,0,0
446,1000,100,0,0,0,0,0,0,0,0
447,1000,100,0,0,0,0,0,0,0,0
448,1000,100,0,0,0,0,0,0,0,0
449,1000,100,0,0,0,0,0,0,0,0
450,1000,100,0,0,0,0,0,0,0,0
451,7500000,125000,25,0,0,0,0,0,0,0
452,750000,12000,2,0,0,0,0,0,0,0
453,1000,100,0,0,0,0,0,0,0,0
454,80000,1500,2,0,0,0,0,0,0,0
455,80000,1500,2,0,0,0,0,0,0,0
456,80000,1500,2,0,0,0,0,0,0,0
457,80000,1500,2,0,0,0,0,0,0,0
458,3000,200,0,0,0,0,0,0,0,0
460,600000,32000,3,0,0,0,0,0,0,0
461,600000,32000,3,0,0,0,0,0,0,0
462,500000,32000,3,0,0,0,0,0,0,0
463,400000,30000,3,0,0,0,0,0,0,0
468,1500,100,0,0,0,0,0,0,0,0
469,1500,100,0,0,0,0,0,0,0,0
470,1500,100,0,0,0,0,0,0,0,0
471,1500,100,0,0,0,0,0,0,0,0
473,80000,1500,2,0,0,0,0,0,0,0
474,750000,12000,2,0,0,0,0,0,0,0
475,750000,12000,2,0,0,0,0,0,0,0
476,1500,100,0,0,0,0,0,0,0,0
477,1500,100,0,0,0,0,0,0,0,0
478,1000,100,0,0,0,0,0,0,0,0
479,1000,100,0,0,0,0,0,0,0,0
480,1000,100,0,0,0,0,0,0,0,0
484,1000,100,0,0,0,0,0,0,0,0
485,1000,100,0,0,0,0,0,0,0,0
486,1000,100,0,0,0,0,0,0,0,0
487,1000,100,0,0,0,0,0,0,0,0
488,0,4500,2,0,0,200,0,0,2,7500
489,0,2250,1,0,0,150,0,0,1,4500
490,0,2050,2,0,0,165,0,0,2,4895
491,0,3250,2,0,0,225,0,0,3,5995
492,0,1600,2,0,0,150,0,0,2,3595
493,0,2600,2,0,0,195,0,0,2,5500
494,0,2200,2,0,0,195,0,0,2,4900
495,0,6500,2,0,0,350,0,0,3,10000
496,0,4100,3,0,0,375,0,0,3,7250
497,0,4100,3,0,0,375,0,0,3,7750
498,0,2100,2,0,0,210,0,0,3,4250
499,0,4195,3,0,0,385,0,0,4,6995
500,0,2295,2,0,0,245,0,0,3,5550
501,0,3200,2,0,0,200,0,0,2,6000
502,0,3695,3,0,0,370,0,0,4,7350
503,0,5095,4,0,0,400,0,0,9,9695
504,0,5095,4,0,0,400,0,0,9,9695
505,0,5095,4,0,0,400,0,0,9,9695
506,0,5295,4,0,0,395,0,0,8,11295
507,0,4650,5,0,0,420,0,0,7,11295
508,0,4195,4,0,0,435,0,0,5,8150
509,0,5195,3,0,0,350,0,0,6,8695
510,0,5395,4,0,0,375,0,0,6,8995
511,0,7695,7,0,0,450,0,0,12,13295
512,0,9550,3,0,0,415,0,0,4,15000
513,0,2750,4,0,0,420,0,0,4,6195
514,2350,500,0,0,0,0,0,0,0,0
515,2350,500,0,0,0,0,0,0,0,0
516,2200,450,0,0,0,0,0,0,0,0
517,2200,450,0,0,0,0,0,0,0,0
518,0,2695,4,0,0,440,0,0,7,7995
519,0,2695,4,0,0,445,0,0,7,8995
520,0,9550,3,0,0,425,0,0,4,15500
521,0,3800,2,0,0,405,0,0,3,7000
522,0,4600,4,0,0,430,0,0,4,9645
523,0,4600,4,0,0,430,0,0,4,8025
524,0,5350,5,0,0,435,0,0,5,8395
525,0,3500,2,0,0,395,0,0,3,7100
526,0,5250,4,0,0,375,0,0,6,8750
527,0,4250,6,0,0,520,0,0,9,9695
528,0,3900,2,0,0,485,0,0,3,7500
529,0,9650,8,0,0,550,0,0,15,14650
530,0,10100,4,0,0,520,0,0,5,17500
531,0,5150,4,0,0,535,0,0,5,11020
532,0,5150,4,0,0,535,0,0,5,9525
533,0,5850,4,0,0,495,0,0,7,9575
534,0,3395,5,0,0,485,0,0,5,7650
535,0,2550,3,0,0,395,0,0,4,5995
536,0,5295,6,0,0,545,0,0,9,13095
537,0,5850,4,0,0,400,0,0,7,9850
538,0,5895,5,0,0,430,0,0,5,9395
539,0,6250,5,0,0,635,0,0,6,10100
540,0,13000,4,0,0,550,0,0,5,20000
541,0,12950,10,0,0,650,0,0,20,17950
542,0,4450,3,0,0,570,0,0,4,8700
543,0,5195,8,0,0,625,0,0,11,10795
544,0,6795,7,0,0,640,0,0,11,15250
545,0,13950,12,0,0,750,0,0,23,22950
546,0,6390,5,0,0,565,0,0,8,11195
547,0,5995,5,0,0,620,0,0,5,11750
548,0,5995,5,0,0,620,0,0,5,10250
549,0,6450,2,0,0,350,0,0,3,10095
550,0,4895,5,0,0,450,0,0,7,11895
551,0,2850,4,0,0,390,0,0,5,6350
552,0,5250,3,0,0,375,0,0,6,8750
553,0,9550,3,0,0,410,0,0,4,15500
554,0,5750,4,0,0,425,0,0,5,7995
555,0,7250,3,0,0,450,0,0,4,12695
556,0,3450,5,0,0,475,0,0,5,7795
557,0,10100,4,0,0,515,0,0,5,17500
558,0,5895,4,0,0,495,0,0,7,9650
559,0,5995,5,0,0,525,0,0,5,9450
560,0,5250,4,0,0,530,0,0,5,9595
561,0,5250,4,0,0,530,0,0,5,9595
562,0,5350,6,0,0,550,0,0,9,13150
563,0,3995,6,0,0,590,0,0,6,9295
564,0,7350,8,0,0,675,0,0,13,16195
565,0,13000,4,0,0,640,0,0,5,20000
566,0,6450,5,0,0,615,0,0,9,11395
567,0,4595,3,0,0,440,0,0,4,9650
568,0,4595,3,0,0,440,0,0,4,8150
569,0,4550,2,0,0,240,0,0,2,8000
570,0,2250,1,0,0,150,0,0,1,4500
571,0,1650,2,0,0,130,0,0,2,3650
572,0,2600,2,0,0,180,0,0,2,5500
573,0,2200,2,0,0,180,0,0,2,4900
574,0,3150,2,0,0,150,0,0,3,7995
575,0,4650,5,0,0,400,0,0,7,11350
576,0,2695,4,0,0,435,0,0,7,7995
577,0,3200,2,0,0,390,0,0,3,6850
578,0,6195,4,0,0,400,0,0,4,6250
579,0,9550,3,0,0,415,0,0,4,15000
580,0,3300,2,0,0,365,0,0,2,7050
581,0,10000,4,0,0,0,0,0,5,16000
582,0,2850,4,0,0,420,0,0,5,6350
583,0,4100,3,0,0,435,0,0,3,7250
584,0,4100,3,0,0,435,0,0,3,8750
585,0,3995,5,0,0,450,0,0,7,8995
586,0,4100,3,0,0,595,0,0,4,8000
587,0,9995,8,0,0,635,0,0,16,14825
588,0,5150,4,0,0,530,0,0,5,11025
589,0,5150,4,0,0,530,0,0,5,9525
590,0,11500,4,0,0,580,0,0,5,16500
591,0,4250,4,0,0,595,0,0,4,8250
592,0,8995,8,0,0,650,0,0,15,13995
593,0,10995,7,0,0,600,0,0,9,15895
594,0,12650,8,0,0,700,0,0,10,18250
595,0,16050,9,0,0,800,0,0,11,21250
596,0,16050,9,0,0,800,0,0,11,21250
597,0,19250,10,0,0,900,0,0,12,24995
598,0,19250,10,0,0,900,0,0,12,24995
599,0,21095,11,0,0,1000,0,0,13,28695
600,0,4250,4,0,0,525,0,0,4,8250
601,0,3495,5,0,0,495,0,0,5,7795
602,0,9795,9,0,0,650,0,0,16,15595
603,0,11500,4,0,0,540,0,0,5,16500
604,0,5850,4,0,0,475,0,0,7,9575
605,0,5850,4,0,0,475,0,0,7,9575
606,0,5895,5,0,0,540,0,0,5,9395
607,0,3395,5,0,0,495,0,0,5,7795
608,0,10500,4,0,0,535,0,0,5,17000
609,0,2695,4,0,0,445,0,0,7,8995
610,0,27950,25,0,0,800,0,0,30,32000
611,0,38950,29,0,0,1400,0,0,35,64000
612,0,4650,2,0,0,415,0,0,4,7895
613,0,2795,4,0,0,410,0,0,4,6250
614,0,10500,3,0,0,435,0,0,4,15500
615,0,5195,3,0,0,495,0,0,6,8695
616,0,10050,4,0,0,535,0,0,5,17000
617,0,5000,2,0,0,390,0,0,3,8500
618,0,2095,2,0,0,225,0,0,3,4195
619,0,3200,2,0,0,250,0,0,2,3200
620,0,2350,2,0,0,300,0,0,4,6195
621,0,4195,3,0,0,395,0,0,4,6995
622,0,3695,3,0,0,240,0,0,5,7250
623,0,1600,2,0,0,140,0,0,2,3595
624,0,2300,1,0,0,165,0,0,1,4600
625,0,4650,2,0,0,225,0,0,2,7700
626,0,2700,2,0,0,225,0,0,2,6000
627,0,2300,1,0,0,160,0,0,1,4750
628,0,4200,2,0,0,235,0,0,2,7450
629,0,1600,2,0,0,140,0,0,2,3595
630,0,550,2,0,0,70,0,0,2,1000
631,0,600,2,0,0,80,0,0,2,1100
632,0,3295,3,0,0,195,0,0,4,7225
633,0,6450,2,0,0,350,0,0,3,10150
634,0,600,2,0,0,100,0,0,2,2000
635,0,1200,2,0,0,150,0,0,3,2800
636,0,1800,3,0,0,200,0,0,3,3600
637,0,2400,3,0,0,250,0,0,4,4400
638,0,3000,4,0,0,300,0,0,4,5200
639,0,7750,7,0,0,450,0,0,12,13350
640,0,7750,7,0,0,450,0,0,12,13350
641,0,7950,8,0,0,460,0,0,13,13995
642,0,7950,8,0,0,460,0,0,13,13995
643,650000,30000,5,0,0,0,0,0,0,0
645,0,7250,7,0,0,500,0,0,9,13000
646,0,8395,8,0,0,600,0,0,10,14700
647,0,9150,9,0,0,700,0,0,11,16200
648,0,9150,9,0,0,700,0,0,11,16200
649,0,10650,10,0,0,800,0,0,12,17100
650,0,12395,11,0,0,900,0,0,14,18600
651,0,9150,9,0,0,700,0,0,11,16200
652,0,9150,9,0,0,700,0,0,11,16200
653,0,10650,10,0,0,800,0,0,12,17100
654,0,7250,7,0,0,500,0,0,9,13000
655,0,8395,8,0,0,600,0,0,10,14700
657,12000,300,1,0,0,0,0,0,3,16000
658,0,15150,15,0,0,900,0,0,18,22895
659,0,2550,3,0,0,300,0,0,4,2695
660,0,3250,4,0,0,350,0,0,5,5595
661,220000,15000,5,0,0,0,0,2500,0,0
662,1500,100,0,0,0,0,0,0,0,0
663,0,1500,2,0,0,175,0,0,4,5650
665,2529500,58950,8,0,0,0,0,0,0,0
666,1255000,650000,8,0,0,0,0,0,0,0
667,0,0,0,0,0,0,0,0,0,0
668,0,0,0,0,0,0,0,0,0,0
669,0,0,0,0,0,0,0,0,0,0
670,0,0,0,0,0,0,0,0,0,0
671,0,0,0,0,0,0,0,0,0,0
672,0,0,0,0,0,0,0,0,0,0
673,0,0,0,0,0,0,0,0,0,0
674,0,0,0,0,0,0,0,0,0,0
675,0,0,0,0,0,0,0,0,0,0
676,0,0,0,0,0,0,0,0,0,0
677,0,0,0,0,0,0,0,0,0,0
678,0,0,0,0,0,0,0,0,0,0
679,0,0,0,0,0,0,0,0,0,0
680,0,0,0,0,0,0,0,0,0,0
681,0,0,0,0,0,0,0,0,0,0
682,0,0,0,0,0,0,0,0,0,0
683,0,0,0,0,0,0,0,0,0,0
684,0,0,0,0,0,0,0,0,0,0
685,0,0,0,0,0,0,0,0,0,0
686,0,0,0,0,0,0,0,0,0,0
687,0,0,0,0,0,0,0,0,0,0
688,0,0,0,0,0,0,0,0,0,0
689,0,0,0,0,0,0,0,0,0,0
690,0,0,0,0,0,0,0,0,0,0
691,0,0,0,0,0,0,0,0,0,0
692,0,0,0,0,0,0,0,0,0,0
693,0,0,0,0,0,0,0,0,0,0
694,0,0,0,0,0,0,0,0,0,0
695,0,0,0,0,0,0,0,0,0,0
696,0,0,0,0,0,0,0,0,0,0
697,0,0,0,0,0,0,0,0,0,0
698,0,0,0,0,0,0,0,0,0,0
699,0,0,0,0,0,0,0,0,0,0
700,0,0,0,0,0,0,0,0,0,0
701,0,0,0,0,0,0,0,0,0,0
702,0,0,0,0,0,0,0,0,0,0
703,0,0,0,0,0,0,0,0,0,0
704,0,0,0,0,0,0,0,0,0,0
705,0,0,0,0,0,0,0,0,0,0
706,0,0,0,0,0,0,0,0,0,0
707,0,0,0,0,0,0,0,0,0,0
708,0,0,0,0,0,0,0,0,0,0
709,0,0,0,0,0,0,0,0,0,0
710,0,0,0,0,0,0,0,0,0,0
711,0,0,0,0,0,0,0,0,0,0
712,0,0,0,0,0,0,0,0,0,0
713,0,0,0,0,0,0,0,0,0,0
714,0,0,0,0,0,0,0,0,0,0
715,0,0,0,0,0,0,0,0,0,0
716,10000,4250,2,0,0,0,0,0,0,0
717,32000,9910,3,0,0,0,0,1000,0,0
718,68000,12550,6,0,0,0,0,1250,0,0
